종목이름,경쟁사
AJ네트웍스,"['AJ네트웍스', 'SK네트웍스', 'SG&G', '롯데렌탈']"
AK홀딩스,"['AK홀딩스', '대한유화', '태광산업', '이수화학']"
BGF,"['BGF', 'PI첨단소재', '레이크머티리얼즈', '나노신소재']"
BGF리테일,"['BGF리테일', 'GS리테일', '롯데쇼핑', '지어소프트']"
BNK금융지주,"['BNK금융지주', '신한지주', 'KB금융', '하나금융지주']"
BYC,"['BYC', '삼양통상', '대한방직', '형지엘리트']"
N/A,[]
CJ,"['CJ', 'LX홀딩스', '한화', '삼성물산']"
CJ CGV,"['CJ CGV', 'NEW', '쇼박스', '코퍼스코리아']"
N/A,[]
CJ대한통운,"['CJ대한통운', '한진', '현대글로비스', '세방']"
CJ씨푸드,"['CJ씨푸드', '사조동아원', '고려산업', '현대사료']"
N/A,[]
N/A,[]
CJ제일제당,"['CJ제일제당', '하림지주', '대상홀딩스', '동원F&B']"
N/A,[]
CR홀딩스,"['CR홀딩스', '일진다이아', '동국산업', '대창']"
CS홀딩스,"['CS홀딩스', '대호특수강', '하이스틸', '동일제강']"
DB,"['DB', '플래티어', '신세계 I&C', '아시아나IDT']"
DB금융투자,"['DB금융투자', '대신증권', '유안타증권', '신영증권']"
DB손해보험,"['DB손해보험', '삼성화재', '삼성생명', '한화생명']"
DB하이텍,"['DB하이텍', '원익IPS', '동진쎄미켐', '엠케이전자']"
DGB금융지주,"['DGB금융지주', 'JB금융지주', '카카오뱅크', '제주은행']"
DI동일,"['DI동일', '휴비스', '일신방직', '백산']"
DL,"['DL', '이수화학', '태광산업', '대한유화']"
N/A,[]
DL이앤씨,"['DL이앤씨', '동아지질', '우원개발', '국보디자인']"
N/A,[]
N/A,[]
DN오토모티브,"['DN오토모티브', '서진오토모티브', '대원강업', '한국무브넥스']"
DRB동일,"['DRB동일', '미창석유', '동일고무벨트', '금양']"
DSR,"['DSR', '영흥', '만호제강', 'DSR제강']"
DSR제강,"['DSR제강', 'DSR', '영흥', '만호제강']"
DS단석,"['DS단석', '애경케미칼', '제이씨케미칼', '고려아연']"
E1,"['E1', 'SK디스커버리', 'SK가스', '대성산업']"
ESR켄달스퀘어리츠,"['ESR켄달스퀘어리츠', '롯데리츠', '제이알글로벌리츠', 'SK리츠']"
F&F,"['F&F', '더네이쳐홀딩스', '한세실업', '영원무역홀딩스']"
F&F홀딩스,"['F&F홀딩스', '신성통상', '신원', '제이에스코퍼레이션']"
GKL,"['GKL', '강원랜드', '파라다이스', '롯데관광개발']"
GS,"['GS', 'S-Oil', 'HD현대', 'SK이노베이션']"
GS건설,"['GS건설', '현대건설', '대우건설', '코오롱글로벌']"
GS글로벌,"['GS글로벌', 'STX', '포스코인터내셔널', 'LX인터내셔널']"
GS리테일,"['GS리테일', '롯데쇼핑', 'BGF리테일', '이마트']"
N/A,[]
HDC,"['HDC', 'DL이앤씨', 'GS건설', '현대건설']"
HDC랩스,"['HDC랩스', '자이에스앤디', '신세계건설', '웰크론']"
HDC현대EP,"['HDC현대EP', '모베이스전자', 'HL홀딩스', '대원산업']"
HDC현대산업개발,"['HDC현대산업개발', '현대건설', 'GS건설', '대우건설']"
HD한국조선해양,"['HD한국조선해양', '한화오션', '삼성중공업', 'HD현대미포']"
HD현대,"['HD현대', 'SK', 'SK이노베이션', 'S-Oil']"
HD현대건설기계,"['HD현대건설기계', '두산에너빌리티', 'HD현대인프라코어', '두산밥캣']"
HD현대마린솔루션,"['HD현대마린솔루션', 'HD한국조선해양', '삼성중공업', '한화엔진']"
HD현대마린엔진,"['HD현대마린엔진', '인화정공', 'STX엔진', '케이에스피']"
HD현대미포,"['HD현대미포', 'HD한국조선해양', '한화오션', '삼성중공업']"
HD현대에너지솔루션,"['HD현대에너지솔루션', '에스에너지', 'SDN', '한전산업']"
HD현대인프라코어,"['HD현대인프라코어', '두산에너빌리티', 'HD현대건설기계', '두산밥캣']"
HD현대일렉트릭,"['HD현대일렉트릭', 'LS', 'LS ELECTRIC', '일진홀딩스']"
HD현대중공업,"['HD현대중공업', '한화오션', '삼성중공업', 'HD현대미포']"
HJ중공업,"['HJ중공업', '금호건설', '계룡건설', '태영건설']"
HL D&I,"['HL D&I', 'HJ중공업', '금호건설', '계룡건설']"
HLB글로벌,"['HLB글로벌', 'JTC', '플레이그램', 'HLB생명과학']"
HL만도,"['HL만도', '화승알앤에이', '현대모비스', '한온시스템']"
HL홀딩스,"['HL홀딩스', '모베이스전자', 'HDC현대EP', '대원산업']"
HMM,"['HMM', '팬오션', '대한해운', '인터지스']"
HS애드,"['HS애드', '제일기획', '이노션', 'FSN']"
HS화성,"['HS화성', '서한', '성도이엔지', '도화엔지니어링']"
HS효성,"['HS효성', 'SK네트웍스', '코오롱', 'LG']"
HS효성첨단소재,"['HS효성첨단소재', 'OCI홀딩스', '삼양홀딩스', 'AK홀딩스']"
IHQ,"['IHQ', 'SBS', 'YTN', '한국경제TV']"
JB금융지주,"['JB금융지주', 'DGB금융지주', '카카오뱅크', '제주은행']"
JW생명과학,"['JW생명과학', '신풍제약', '하나제약', '경동제약']"
JW중외제약,"['JW중외제약', '동국제약', '일동제약', '휴온스글로벌']"
N/A,[]
N/A,[]
JW홀딩스,"['JW홀딩스', '동아쏘시오홀딩스', '한미사이언스', '제일파마홀딩스']"
KB금융,"['KB금융', '신한지주', '하나금융지주', '우리금융지주']"
케이비발해인프라투융자회사,"['케이비발해인프라투융자회사', '', '', '']"
KB스타리츠,"['KB스타리츠', '마스턴프리미어리츠', '코람코더원리츠', '신한서부티엔디리츠']"
KCC,"['KCC', 'LX하우시스', '노루홀딩스', '동화기업']"
KCC글라스,"['KCC글라스', 'KCC', 'LX하우시스', '노루홀딩스']"
KCTC,"['KCTC', '한익스프레스', '한솔로지스틱스', '유성티엔에스']"
KC그린홀딩스,"['KC그린홀딩스', '평화홀딩스', '세아홀딩스', '오리온홀딩스']"
KC코트렐,"['KC코트렐', '누리플랜', '자연과환경', '코엔텍']"
KEC,"['KEC', '유진테크', 'LB루셈', '하나머티리얼즈']"
KG모빌리티,"['KG모빌리티', '기아', '현대차', '도이치모터스']"
KG스틸,"['KG스틸', '아주스틸', '동국홀딩스', 'KISCO홀딩스']"
KG케미칼,"['KG케미칼', '현대차', '기아', 'KG에코솔루션']"
KH 필룩스,"['KH 필룩스', '삼진엘앤디', '알에프세미', '광전자']"
KIB플러그에너지,"['KIB플러그에너지', '화천기공', '화천기계', '우진아이엔에스']"
KISCO홀딩스,"['KISCO홀딩스', 'KG스틸', '동국산업', '대한제강']"
KPX케미칼,"['KPX케미칼', '애경케미칼', 'KPX홀딩스', '국도화학']"
KPX홀딩스,"['KPX홀딩스', '국도화학', 'SK케미칼', '애경케미칼']"
KR모터스,"['KR모터스', '기아', '현대차', 'KG모빌리티']"
KSS해운,"['KSS해운', '대한해운', '인터지스', '흥아해운']"
KT,"['KT', 'SK텔레콤', 'LG유플러스', '와이어블']"
KT&G,"['KT&G', '', '', '']"
KTcs,"['KTcs', '효성ITX', 'KTis', 'KC그린홀딩스']"
KTis,"['KTis', '효성ITX', 'KTcs', 'KC그린홀딩스']"
LF,"['LF', '신세계인터내셔날', '한세실업', '한섬']"
LG,"['LG', 'LX홀딩스', '코오롱', '현대지에프홀딩스']"
LG디스플레이,"['LG디스플레이', 'SK하이닉스', '삼성전자', '에스에프에이']"
LG생활건강,"['LG생활건강', '비비씨', '선진뷰티사이언스', '피엔케이피부임상연구센타']"
N/A,[]
LG에너지솔루션,"['LG에너지솔루션', '삼성SDI', '에코프로비엠', '두산퓨얼셀']"
N/A,[]
LG유플러스,"['LG유플러스', 'KT', 'SK텔레콤', '와이어블']"
LG이노텍,"['LG이노텍', '삼성SDI', '삼성전기', '롯데에너지머티리얼즈']"
LG전자,"['LG전자', '삼성전자', 'SK하이닉스', 'LG디스플레이']"
N/A,[]
LG헬로비전,"['LG헬로비전', 'CJ ENM', 'SBS', '스카이라이프']"
LG화학,"['LG화학', '롯데케미칼', 'S-Oil', 'GS']"
N/A,[]
LIG넥스원,"['LIG넥스원', '한화에어로스페이스', '이엠코리아', '한국항공우주']"
LS,"['LS', 'LS ELECTRIC', 'HD현대일렉트릭', '대한전선']"
LS ELECTRIC,"['LS ELECTRIC', '이삭엔지니어링', '제일일렉트릭', 'LS']"
LS네트웍스,"['LS네트웍스', '유진투자증권', 'DB금융투자', 'SK증권']"
LS에코에너지,"['LS에코에너지', '가온전선', '일진전기', '일진홀딩스']"
LX세미콘,"['LX세미콘', '솔루엠', '동진쎄미켐', '원익IPS']"
LX인터내셔널,"['LX인터내셔널', '포스코인터내셔널', '현대코퍼레이션', 'GS글로벌']"
LX하우시스,"['LX하우시스', 'KCC', '노루홀딩스', '동화기업']"
N/A,[]
LX홀딩스,"['LX홀딩스', 'LG', 'CJ', '삼성물산']"
N/A,[]
MH에탄올,"['MH에탄올', '진로발효', '창해에탄올', '보해양조']"
NAVER,"['NAVER', '카카오', '카페24', 'KG이니시스']"
NHN,"['NHN', 'NICE', 'NHN KCP', '갤럭시아머니트리']"
NH올원리츠,"['NH올원리츠', 'SK리츠', '디앤디플랫폼리츠', 'ESR켄달스퀘어리츠']"
NH투자증권,"['NH투자증권', '미래에셋증권', '한국금융지주', '삼성증권']"
N/A,[]
NH프라임리츠,"['NH프라임리츠', '이지스밸류리츠', '이지스레지던스리츠', '미래에셋맵스리츠']"
NICE,"['NICE', 'NHN', 'NHN KCP', '포스코DX']"
NICE평가정보,"['NICE평가정보', '에프앤가이드', '쿠콘', '고려신용정보']"
NI스틸,"['NI스틸', '에스와이스틸텍', '다스코', '덕신이피씨']"
NPC,"['NPC', '동원시스템즈', '태림포장', '율촌화학']"
N/A,[]
OCI,"['OCI', 'SKC', 'AK홀딩스', '대한유화']"
OCI홀딩스,"['OCI홀딩스', 'SKC', 'AK홀딩스', '대한유화']"
PI첨단소재,"['PI첨단소재', '코오롱ENP', '진양홀딩스', '금양']"
POSCO홀딩스,"['POSCO홀딩스', '현대제철', '동국홀딩스', '고려아연']"
S-Oil,"['S-Oil', 'SK', 'SK이노베이션', 'HD현대']"
N/A,[]
SBS,"['SBS', 'CJ ENM', 'LG헬로비전', '스카이라이프']"
SGC에너지,"['SGC에너지', '일진파워', '세원이앤씨', '유니슨']"
SG글로벌,"['SG글로벌', '대동금속', '와이엠', '아이윈']"
SG세계물산,"['SG세계물산', '인디에프', '브랜드엑스코퍼레이션', '지엔코']"
SHD,"['SHD', '제일연마', '동국알앤에스', '유에스티']"
SH에너지화학,"['SH에너지화학', '엔피케이', '진양화학', 'WISCOM']"
SIMPAC,"['SIMPAC', '넥스틸', 'TCC스틸', '알루코']"
SJG세종,"['SJG세종', '에코앤드림', '에코플라스틱', '엠에스오토텍']"
SJM,"['SJM', '부산주공', '세원정공', 'SJM홀딩스']"
SJM홀딩스,"['SJM홀딩스', '부산주공', '세원정공', '서연탑메탈']"
SK,"['SK', 'SK이노베이션', 'HD현대', 'S-Oil']"
SKC,"['SKC', '금호석유', 'AK홀딩스', '코오롱인더']"
SK가스,"['SK가스', 'SK디스커버리', 'E1', 'SK']"
SK네트웍스,"['SK네트웍스', 'LX홀딩스', '한화', 'CJ']"
SK디스커버리,"['SK디스커버리', 'SK가스', 'E1', 'SK']"
N/A,[]
SK디앤디,"['SK디앤디', '한국자산신탁', '한국토지신탁', '이스타코']"
SK리츠,"['SK리츠', 'ESR켄달스퀘어리츠', '코람코라이프인프라리츠', '제이알글로벌리츠']"
SK바이오사이언스,"['SK바이오사이언스', '삼성바이오로직스', '셀트리온제약', '유나이티드제약']"
SK바이오팜,"['SK바이오팜', '위더스제약', '더블유에스아이', '지엘팜텍']"
SK스퀘어,"['SK스퀘어', '한화', '두산', 'CJ']"
SK아이이테크놀로지,"['SK아이이테크놀로지', '엘앤에프', '에코프로비엠', '롯데에너지머티리얼즈']"
SK오션플랜트,"['SK오션플랜트', '씨에스윈드', 'HD현대에너지솔루션', '한전기술']"
N/A,[]
SK이노베이션,"['SK이노베이션', 'SK', 'HD현대', 'S-Oil']"
N/A,[]
SK이터닉스,"['SK이터닉스', '한전산업', '유니슨', '수산인더스트리']"
SK증권,"['SK증권', '유진투자증권', 'LS증권', '다올투자증권']"
N/A,[]
SK케미칼,"['SK케미칼', '프레스티지바이오로직스', '국도화학', '효성화학']"
N/A,[]
SK텔레콤,"['SK텔레콤', 'KT', 'LG유플러스', '와이어블']"
SK하이닉스,"['SK하이닉스', '삼성전자', 'LG디스플레이', '에스에프에이']"
SNT다이내믹스,"['SNT다이내믹스', '우리산업', 'DH오토웨어', '우신시스템']"
SNT모티브,"['SNT모티브', '명신산업', '엔브이에이치코리아', '삼보모터스']"
SNT에너지,"['SNT에너지', '비에이치아이', '제이엔케이글로벌', '유니슨']"
SNT홀딩스,"['SNT홀딩스', '서진오토모티브', '화승코퍼레이션', '덕양산업']"
SPC삼립,"['SPC삼립', 'CJ프레시웨이', '풀무원', '오리온홀딩스']"
STX,"['STX', 'GS글로벌', '포스코인터내셔널', 'LX인터내셔널']"
STX그린로지스,"['STX그린로지스', 'KSS해운', '흥아해운', '대한해운']"
STX엔진,"['STX엔진', 'HD한국조선해양', '한화오션', '삼성중공업']"
SUN&L,"['SUN&L', '한솔홈데코', '이건산업', '성창기업지주']"
TBH글로벌,"['TBH글로벌', 'SG세계물산', '인디에프', '지엔코']"
TCC스틸,"['TCC스틸', '현대비앤지스틸', '동국산업', '알루코']"
TKG휴켐스,"['TKG휴켐스', '한솔케미칼', '티케이케미칼', '애경케미칼']"
TP,"['TP', '신성통상', '신원', '제이에스코퍼레이션']"
TYM,"['TYM', '대동', '현대에버다임', '디와이']"
WISCOM,"['WISCOM', '진양홀딩스', 'SH에너지화학', '금양']"
YG PLUS,"['YG PLUS', '하이브', '에스엠', '와이지엔터테인먼트']"
가온전선,"['가온전선', 'LS', 'LS ELECTRIC', 'HD현대일렉트릭']"
강남제비스코,"['강남제비스코', '조광페인트', '삼화페인트', '벽산']"
강원랜드,"['강원랜드', '파라다이스', 'GKL', '롯데관광개발']"
갤럭시아에스엠,"['갤럭시아에스엠', '삼익악기', '골프존뉴딘홀딩스', '오로라']"
경농,"['경농', '인바이오', '카프로', '동방아그로']"
경동나비엔,"['경동나비엔', '위니아', '파세코', '쿠쿠홈시스']"
경동도시가스,"['경동도시가스', '예스코홀딩스', '서울가스', '대성홀딩스']"
경동인베스트,"['경동인베스트', '남선알미늄', '동일산업', '한국주철관']"
경방,"['경방', 'DI동일', '휴비스', '일신방직']"
경보제약,"['경보제약', '영진약품', '유나이티드제약', '신풍제약']"
경인양행,"['경인양행', '코스모화학', '미원상사', '삼영무역']"
경인전자,"['경인전자', '알엔투테크놀로지', '동일기연', '성호전자']"
계룡건설,"['계룡건설', '태영건설', 'HDC현대산업개발', '코오롱글로벌']"
계양전기,"['계양전기', '코리아에프티', '태양금속', '인팩']"
N/A,[]
고려산업,"['고려산업', 'CJ씨푸드', '현대사료', '이지바이오']"
고려아연,"['고려아연', 'POSCO홀딩스', '현대제철', '동국홀딩스']"
고려제강,"['고려제강', '풍산', 'KG스틸', '대한제강']"
광동제약,"['광동제약', '종근당', '대웅', '한미약품']"
광명전기,"['광명전기', '제일일렉트릭', '선도전기', '파워넷']"
광전자,"['광전자', '대주전자재료', '옵트론텍', '삼성전기']"
광주신세계,"['광주신세계', '신세계', '현대백화점', '세이브존I&C']"
교보증권,"['교보증권', '대신증권', '유안타증권', '신영증권']"
교촌에프앤비,"['교촌에프앤비', '동원F&B', '롯데웰푸드', '조흥']"
국도화학,"['국도화학', 'SK케미칼', 'KPX홀딩스', '애경케미칼']"
국보,"['국보', '한익스프레스', '한솔로지스틱스', 'KCTC']"
국제약품,"['국제약품', '현대약품', '바이넥스', '동구바이오제약']"
그린케미칼,"['그린케미칼', 'KCI', '미원화학', '한농화성']"
극동유화,"['극동유화', '대성산업', '미창석유', '흥구석유']"
금강공업,"['금강공업', '벽산', '이건홀딩스', '노루페인트']"
N/A,[]
금비,"['금비', '삼양패키징', '한국수출포장', '대영포장']"
금양,"['금양', '코오롱ENP', 'PI첨단소재', '진양홀딩스']"
금호건설,"['금호건설', '계룡건설', '태영건설', 'HDC현대산업개발']"
N/A,[]
금호석유,"['금호석유', 'LG화학', '롯데케미칼', '코오롱인더']"
N/A,[]
금호에이치티,"['금호에이치티', '유니크', '우수AMS', '현대공업']"
금호전기,"['금호전기', '소룩스', '클라우드에어', '아이엘사이언스']"
금호타이어,"['금호타이어', '한국타이어앤테크놀로지', '넥센', '넥센타이어']"
기신정기,"['기신정기', '나라엠앤디', '에이테크솔루션', '흥국']"
기아,"['기아', '현대차', 'KG모빌리티', '도이치모터스']"
기업은행,"['기업은행', '신한지주', 'KB금융', '하나금융지주']"
까뮤이앤씨,"['까뮤이앤씨', '금화피에스시', '특수건설', '웰크론한텍']"
깨끗한나라,"['깨끗한나라', '한솔제지', '페이퍼코리아', '무림P&P']"
N/A,[]
남광토건,"['남광토건', '국보디자인', '한국종합기술', '동아지질']"
남선알미늄,"['남선알미늄', '동일산업', '삼보산업', '대호에이엘']"
N/A,[]
남성,"['남성', '인터엠', '에이치시티', '성호전자']"
남양유업,"['남양유업', '빙그레', '매일유업', '매일홀딩스']"
N/A,[]
남해화학,"['남해화학', '인바이오', '카프로', '이수화학']"
넥센,"['넥센', '한국타이어앤테크놀로지', '금호타이어', '넥센타이어']"
N/A,[]
넥센타이어,"['넥센타이어', '한국타이어앤테크놀로지', '금호타이어', '넥센']"
N/A,[]
넥스틸,"['넥스틸', '세아제강', '휴스틸', '한국주철관']"
넷마블,"['넷마블', '고스트스튜디오', '카카오게임즈', '크래프톤']"
노루페인트,"['노루페인트', 'KCC', 'LX하우시스', '노루홀딩스']"
N/A,[]
노루홀딩스,"['노루홀딩스', 'KCC', 'LX하우시스', '동화기업']"
N/A,[]
녹십자,"['녹십자', '에이비온', '네오이뮨텍', '큐라클']"
녹십자홀딩스,"['녹십자홀딩스', '유한양행', '녹십자', '대웅']"
N/A,[]
농심,"['농심', '하림지주', '대상홀딩스', '동원F&B']"
농심홀딩스,"['농심홀딩스', '신송홀딩스', '선진', '하림']"
다스코,"['다스코', '이건홀딩스', '벽산', 'LX하우시스']"
다올투자증권,"['다올투자증권', '유진투자증권', 'LS증권', '현대차증권']"
다우기술,"['다우기술', '다우데이타', '키움증권', '미래에셋증권']"
다이나믹디자인,"['다이나믹디자인', '한국타이어앤테크놀로지', '금호타이어', '넥센']"
대교,"['대교', '웅진씽크빅', '메가스터디교육', '멀티캠퍼스']"
N/A,[]
대구백화점,"['대구백화점', '신세계', '현대백화점', '광주신세계']"
대덕,"['대덕', '이수페타시스', '뉴프렉스', '코리아써키트']"
N/A,[]
대덕전자,"['대덕전자', '심텍홀딩스', '심텍', '코리아써키트']"
N/A,[]
대동,"['대동', 'TYM', 'HD현대인프라코어', '두산밥캣']"
대동전자,"['대동전자', '이랜시스', '동일기연', '에스씨디']"
대림B&Co,"['대림B&Co', '대림통상', '삼목에스폼', '이건홀딩스']"
대림통상,"['대림통상', '다스코', '이건홀딩스', '벽산']"
대상,"['대상', '하림지주', '대상홀딩스', '동원F&B']"
N/A,[]
대상홀딩스,"['대상홀딩스', '하림지주', '동원F&B', '대상']"
N/A,[]
대성산업,"['대성산업', '극동유화', '이아이디', 'E1']"
대성에너지,"['대성에너지', '한진중공업홀딩스', '대성홀딩스', '경동도시가스']"
대성홀딩스,"['대성홀딩스', '경동도시가스', '한진중공업홀딩스', '대성에너지']"
대신증권,"['대신증권', '유안타증권', '신영증권', 'DB금융투자']"
N/A,[]
N/A,[]
대양금속,"['대양금속', '한일철강', '티플랙스', '피제이메탈']"
대영포장,"['대영포장', '삼양패키징', '한국수출포장', '삼보판지']"
대우건설,"['대우건설', '현대건설', 'GS건설', '코오롱글로벌']"
대웅,"['대웅', '녹십자홀딩스', '유한양행', '녹십자']"
대웅제약,"['대웅제약', 'HK이노엔', '종근당', '한미사이언스']"
대원강업,"['대원강업', '피에이치에이', '삼보모터스', '한국무브넥스']"
대원전선,"['대원전선', 'LS에코에너지', 'KBI메탈', '일진전기']"
N/A,[]
대원제약,"['대원제약', '고바이오랩', '동화약품', '삼진제약']"
대원화성,"['대원화성', '덕성', '방림', '전방']"
대유에이텍,"['대유에이텍', '서연', '서연이화', '서진오토모티브']"
대유플러스,"['대유플러스', '인지컨트롤스', '지엠비코리아', '아진산업']"
대창,"['대창', '대한제강', '동일산업', '동국산업']"
대창단조,"['대창단조', '현대에버다임', '진성티이씨', '혜인']"
대한방직,"['대한방직', '삼양통상', 'BYC', '형지엘리트']"
대한유화,"['대한유화', 'AK홀딩스', '태광산업', '이수화학']"
대한전선,"['대한전선', 'LS', 'LS ELECTRIC', 'HD현대일렉트릭']"
대한제강,"['대한제강', '풍산', '대창', '고려제강']"
대한제당,"['대한제당', '교촌에프앤비', '신세계푸드', '크라운해태홀딩스']"
N/A,[]
대한제분,"['대한제분', '사조동아원', '대한제당', '팜스토리']"
대한항공,"['대한항공', '아시아나항공', '제주항공', '진에어']"
N/A,[]
대한해운,"['대한해운', '인터지스', 'KSS해운', '흥아해운']"
대한화섬,"['대한화섬', '원풍', '티케이케미칼', '와이오엠']"
대현,"['대현', '온타이드', '크리스에프앤씨', '한세엠케이']"
대호에이엘,"['대호에이엘', '피제이메탈', '남선알미늄', '파버나인']"
더본코리아,"['더본코리아', 'CJ씨푸드', '대상', '풀무원']"
더블유게임즈,"['더블유게임즈', '고스트스튜디오', '컴투스', '카카오게임즈']"
더존비즈온,"['더존비즈온', '에프앤가이드', '엠로', '한글과컴퓨터']"
덕성,"['덕성', '방림', '대원화성', '전방']"
N/A,[]
덕양산업,"['덕양산업', '서연', '서연이화', '서진오토모티브']"
덴티움,"['덴티움', '이오플로우', '덴티스', '디오']"
도화엔지니어링,"['도화엔지니어링', '동원개발', '세보엠이씨', '신세계건설']"
동국씨엠,"['동국씨엠', '현대제철', 'POSCO홀딩스', 'KG스틸']"
동국제강,"['동국제강', '현대제철', 'POSCO홀딩스', 'KG스틸']"
동국홀딩스,"['동국홀딩스', '아주스틸', 'KG스틸', 'POSCO홀딩스']"
동남합성,"['동남합성', 'KCI', '그린케미칼', '한농화성']"
동방,"['동방', '세방', '한익스프레스', '유성티엔에스']"
동방아그로,"['동방아그로', '인바이오', '성보화학', '경농']"
동부건설,"['동부건설', '서희건설', '한신공영', 'HL D&I']"
N/A,[]
동서,"['동서', '신세계푸드', '대한제당', '크라운해태홀딩스']"
동성제약,"['동성제약', '한올바이오파마', '아이큐어', '팜젠사이언스']"
동성케미컬,"['동성케미컬', '유니드', '한솔케미칼', 'KPX케미칼']"
동아쏘시오홀딩스,"['동아쏘시오홀딩스', '한미사이언스', '대웅제약', 'JW홀딩스']"
동아에스티,"['동아에스티', '위더스제약', '브릿지바이오테라퓨틱스', '일동홀딩스']"
동아지질,"['동아지질', '우원개발', '웰크론', '일성건설']"
동양,"['동양', '아세아시멘트', '성신양회', '삼표시멘트']"
N/A,[]
동양고속,"['동양고속', '삼일', '천일고속', '국보']"
동양생명,"['동양생명', '한화손해보험', '흥국화재', '롯데손해보험']"
N/A,[]
동양철관,"['동양철관', '하이스틸', '동국알앤에스', '한국주철관']"
동양피스톤,"['동양피스톤', '우리산업홀딩스', '티에이치엔', '평화산업']"
동원F&B,"['동원F&B', '교촌에프앤비', '하림지주', '대상홀딩스']"
동원금속,"['동원금속', '코리아에프티', '태양금속', '인팩']"
동원산업,"['동원산업', '사조대림', '사조산업', '신라교역']"
동원수산,"['동원수산', '신라교역', '사조오양', '한성기업']"
동원시스템즈,"['동원시스템즈', '태림포장', '율촌화학', 'NPC']"
N/A,[]
동인기연,"['동인기연', '영원무역', '한세실업', 'F&F']"
동일고무벨트,"['동일고무벨트', '금양', '미창석유', 'DRB동일']"
동일산업,"['동일산업', '한국특강', '삼보산업', '남선알미늄']"
동일제강,"['동일제강', 'CS홀딩스', '대호특수강', '하이스틸']"
동화약품,"['동화약품', '대원제약', '삼진제약', '셀트리온제약']"
두산,"['두산', 'LX홀딩스', '한화', 'CJ']"
N/A,[]
두산로보틱스,"['두산로보틱스', '삼익THK', '라온테크', '에스피시스템스']"
두산밥캣,"['두산밥캣', '두산에너빌리티', 'HD현대인프라코어', 'HD현대건설기계']"
두산에너빌리티,"['두산에너빌리티', 'HD현대인프라코어', '두산밥캣', '현대엘리베이']"
N/A,[]
두산퓨얼셀,"['두산퓨얼셀', '에코프로', '삼성SDI', '피엔티']"
N/A,[]
N/A,[]
두올,"['두올', '디아이씨', '경창산업', '인지컨트롤스']"
드림텍,"['드림텍', '아모센스', '나무가', '코아시아']"
디씨엠,"['디씨엠', '금강철강', '한일철강', '세아특수강']"
디아이,"['디아이', '에프에스티', 'GST', '엘오티베큠']"
디아이씨,"['디아이씨', '경창산업', '두올', '인지컨트롤스']"
디앤디플랫폼리츠,"['디앤디플랫폼리츠', '코람코라이프인프라리츠', '신한알파리츠', '이리츠코크렙']"
디와이,"['디와이', '디와이파워', '진성티이씨', '대동']"
디와이파워,"['디와이파워', '팬스타엔터프라이즈', '수산중공업', '현대에버다임']"
롯데관광개발,"['롯데관광개발', '하나투어', '서부T&D', '모두투어']"
롯데렌탈,"['롯데렌탈', '쏘카', 'AJ네트웍스', '레드캡투어']"
롯데리츠,"['롯데리츠', 'ESR켄달스퀘어리츠', '제이알글로벌리츠', 'SK리츠']"
롯데손해보험,"['롯데손해보험', '한화손해보험', '동양생명', '흥국화재']"
롯데쇼핑,"['롯데쇼핑', '이마트', '롯데하이마트', '호텔신라']"
롯데에너지머티리얼즈,"['롯데에너지머티리얼즈', 'SK아이이테크놀로지', '지아이텍', '아이티엠반도체']"
롯데웰푸드,"['롯데웰푸드', '교촌에프앤비', 'CJ프레시웨이', 'SPC삼립']"
롯데이노베이트,"['롯데이노베이트', '포인트모바일', '포스코DX', 'DB']"
롯데정밀화학,"['롯데정밀화학', '이수화학', '포스코퓨처엠', 'SK케미칼']"
롯데지주,"['롯데지주', 'LG', 'CJ', 'SK네트웍스']"
N/A,[]
롯데칠성,"['롯데칠성', '하이트진로', '무학', '하이트진로홀딩스']"
N/A,[]
롯데케미칼,"['롯데케미칼', 'LG화학', 'AK홀딩스', 'OCI홀딩스']"
롯데하이마트,"['롯데하이마트', '롯데쇼핑', '이마트', 'GS리테일']"
마니커,"['마니커', '우리손에프앤지', '정다운', '마니커에프앤지']"
마스턴프리미어리츠,"['마스턴프리미어리츠', '코람코더원리츠', '신한서부티엔디리츠', '미래에셋글로벌리츠']"
만호제강,"['만호제강', 'DSR', '영흥', 'DSR제강']"
맥쿼리인프라,"['맥쿼리인프라', '', '', '']"
N/A,[]
메리츠금융지주,"['메리츠금융지주', 'NH투자증권', '한국금융지주', '삼성증권']"
메타랩스,"['메타랩스', 'KC그린홀딩스', '효성ITX', 'NICE평가정보']"
메타케어,"['메타케어', '씨엔알리서치', '경남제약', '알리코제약']"
명문제약,"['명문제약', '알리코제약', '에스티팜', '화일약품']"
명신산업,"['명신산업', '아진산업', '삼원강재', '화신정공']"
모나리자,"['모나리자', '삼정펄프', '한독크린텍', '아세아제지']"
모나미,"['모나미', '양지사', '사람인', 'KTcs']"
모나용평,"['모나용평', '파라다이스', '아난티', '서부T&D']"
모토닉,"['모토닉', '유라테크', '영화금속', 'DH오토리드']"
무림P&P,"['무림P&P', '해성산업', '페이퍼코리아', '무림페이퍼']"
무림페이퍼,"['무림페이퍼', '아세아', '아세아제지', '무림P&P']"
무학,"['무학', '하이트진로', '창해에탄올', '진로발효']"
문배철강,"['문배철강', '한국선재', '금강철강', '대동스틸']"
미래산업,"['미래산업', '타이거일렉', '오킨스전자', '아이텍']"
미래아이앤지,"['미래아이앤지', '크레오에스지', '인지소프트', '비츠로시스']"
미래에셋글로벌리츠,"['미래에셋글로벌리츠', 'NH올원리츠', 'SK리츠', '디앤디플랫폼리츠']"
미래에셋맵스리츠,"['미래에셋맵스리츠', '이지스밸류리츠', '이지스레지던스리츠', 'NH프라임리츠']"
미래에셋생명,"['미래에셋생명', '한화손해보험', '동양생명', '흥국화재']"
미래에셋증권,"['미래에셋증권', 'NH투자증권', '한국금융지주', '삼성증권']"
N/A,[]
N/A,[]
미원상사,"['미원상사', '미원홀딩스', '그린케미칼', '후성']"
미원에스씨,"['미원에스씨', '미원홀딩스', '진양홀딩스', '동성화인텍']"
미원홀딩스,"['미원홀딩스', '미원상사', '그린케미칼', '한농화성']"
미원화학,"['미원화학', 'KCI', '그린케미칼', '한농화성']"
미창석유,"['미창석유', '대성산업', '극동유화', '한국쉘석유']"
바이오노트,"['바이오노트', '중앙백신', '이글벳', '씨젠']"
방림,"['방림', '덕성', '대원화성', '전방']"
백광산업,"['백광산업', '영보화학', 'PI첨단소재', '진양홀딩스']"
백산,"['백산', 'DI동일', '휴비스', '일신방직']"
범양건영,"['범양건영', '이화공영', '까뮤이앤씨', '금화피에스시']"
벽산,"['벽산', '에스와이', '노루페인트', '동화기업']"
보락,"['보락', '비피도', '네오크레마', '인산가']"
보령,"['보령', '압타머사이언스', '고바이오랩', '지놈앤컴퍼니']"
보해양조,"['보해양조', '하이트진로', '무학', '창해에탄올']"
부광약품,"['부광약품', '환인제약', '경동제약', '삼천당제약']"
부국증권,"['부국증권', '유진투자증권', 'LS증권', '다올투자증권']"
N/A,[]
부국철강,"['부국철강', '한일철강', '문배철강', '경남스틸']"
부산산업,"['부산산업', '유니온', 'SG', '모헨즈']"
부산주공,"['부산주공', 'BGF에코머티리얼즈', '세원물산', '한국큐빅']"
비비안,"['비비안', '온타이드', '크리스에프앤씨', '대현']"
비상교육,"['비상교육', '웅진씽크빅', '대교', '메가스터디교육']"
비에이치,"['비에이치', '엔피디', '심텍홀딩스', '심텍']"
빙그레,"['빙그레', '남양유업', '매일유업', '매일홀딩스']"
사조대림,"['사조대림', '동원산업', '사조산업', '신라교역']"
사조동아원,"['사조동아원', '대한제분', '대한제당', '팜스토리']"
사조산업,"['사조산업', '동원산업', '사조대림', '신라교역']"
사조씨푸드,"['사조씨푸드', '신라교역', '사조오양', '한성기업']"
사조오양,"['사조오양', '동원산업', '사조대림', '사조산업']"
산일전기,"['산일전기', '제룡전기', 'LS ELECTRIC', '삼화콘덴서']"
삼부토건,"['삼부토건', 'HS화성', '서한', '성도이엔지']"
삼성E&A,"['삼성E&A', 'GS건설', '대우건설', '코오롱글로벌']"
삼성FN리츠,"['삼성FN리츠', '한화리츠', 'KB스타리츠', '마스턴프리미어리츠']"
삼성SDI,"['삼성SDI', 'LG화학', '에코프로', '두산퓨얼셀']"
N/A,[]
삼성공조,"['삼성공조', '휴림에이텍', 'GH신소재', '체시스']"
삼성물산,"['삼성물산', 'LX홀딩스', '한화', 'CJ']"
N/A,[]
삼성바이오로직스,"['삼성바이오로직스', 'SK바이오팜', '셀트리온', '에이비엘바이오']"
삼성생명,"['삼성생명', '삼성화재', '한화생명', 'DB손해보험']"
삼성에스디에스,"['삼성에스디에스', '위세아이텍', '신세계 I&C', '아시아나IDT']"
삼성전기,"['삼성전기', '심텍홀딩스', '심텍', '솔루엠']"
N/A,[]
삼성전자,"['삼성전자', 'SK하이닉스', 'LG디스플레이', '에스에프에이']"
N/A,[]
삼성제약,"['삼성제약', '진양제약', '한국유니온제약', '서울제약']"
삼성중공업,"['삼성중공업', 'HD한국조선해양', '한화오션', 'HD현대미포']"
삼성증권,"['삼성증권', '미래에셋증권', 'NH투자증권', '한국금융지주']"
삼성출판사,"['삼성출판사', '웅진씽크빅', '메가스터디', 'NE능률']"
삼성카드,"['삼성카드', '한국캐피탈', '메이슨캐피탈', '글로벌텍스프리']"
삼성화재,"['삼성화재', '삼성생명', '한화생명', 'DB손해보험']"
N/A,[]
삼아알미늄,"['삼아알미늄', '풍산홀딩스', '하이스틸', '영흥']"
삼양사,"['삼양사', '신세계푸드', '오리온', '풀무원']"
N/A,[]
삼양식품,"['삼양식품', '신세계푸드', '대한제당', '크라운해태홀딩스']"
삼양통상,"['삼양통상', '대한방직', 'BYC', '형지엘리트']"
삼양패키징,"['삼양패키징', '금비', '삼보판지', '한국수출포장']"
삼양홀딩스,"['삼양홀딩스', '농심홀딩스', 'SKC', 'AK홀딩스']"
N/A,[]
삼영,"['삼영', '대륙제관', '승일', '펌텍코리아']"
삼영무역,"['삼영무역', '티케이케미칼', '한솔케미칼', '한국알콜']"
삼영전자,"['삼영전자', '삼화콘덴서', '에스피지', '비츠로테크']"
삼원강재,"['삼원강재', '명신산업', '우리산업', '동아화성']"
삼익THK,"['삼익THK', '현대에버다임', '케이피에프', '진성티이씨']"
삼익악기,"['삼익악기', '삼천리자전거', '헝셩그룹', '오로라']"
삼일씨엔에스,"['삼일씨엔에스', '유니온', 'SG', '부산산업']"
삼일제약,"['삼일제약', '화일약품', '에스티팜', '대화제약']"
삼정펄프,"['삼정펄프', '모나리자', '한독크린텍', '아세아제지']"
삼진제약,"['삼진제약', '한국파마', '동화약품', '대원제약']"
삼천리,"['삼천리', '서울가스', '예스코홀딩스', '경동도시가스']"
삼호개발,"['삼호개발', '진흥기업', '삼부토건', 'HS화성']"
삼화왕관,"['삼화왕관', '펌텍코리아', '승일', '대륙제관']"
삼화전기,"['삼화전기', '에스씨디', '파트론', '와이솔']"
삼화전자,"['삼화전자', '우진', '이화전기', '피에스텍']"
삼화콘덴서,"['삼화콘덴서', '삼화전기', '비츠로테크', '에스피지']"
삼화페인트,"['삼화페인트', '노루페인트', 'KCC', '강남제비스코']"
상상인증권,"['상상인증권', '한양증권', '코리아에셋투자증권', '유화증권']"
상신브레이크,"['상신브레이크', '삼기', '우리산업홀딩스', '동원금속']"
새론오토모티브,"['새론오토모티브', '캐스텍코리아', 'KB오토시스', '오스템']"
샘표,"['샘표', '샘표식품', '신송홀딩스', '엠에스씨']"
샘표식품,"['샘표식품', '샘표', '신송홀딩스', '엠에스씨']"
서연,"['서연', '서연이화', '서진오토모티브', '대유에이텍']"
서연이화,"['서연이화', '서연', '서진오토모티브', '대유에이텍']"
서울가스,"['서울가스', '예스코홀딩스', '경동도시가스', '대성홀딩스']"
서울식품,"['서울식품', '푸드웰', '조흥', '대산F&B']"
N/A,[]
서원,"['서원', '경남스틸', '이구산업', '대창']"
서흥,"['서흥', '동국제약', '일동제약', 'JW중외제약']"
선도전기,"['선도전기', '서전기전', '옴니시스템', '광명전기']"
선진,"['선진', '하림', '농심홀딩스', '이지홀딩스']"
성문전자,"['성문전자', '뉴인텍', '비나텍', '옴니시스템']"
N/A,[]
성보화학,"['성보화학', '동방아그로', '효성오앤비', '대유']"
성신양회,"['성신양회', '한일홀딩스', '유진기업', '한일시멘트']"
N/A,[]
성안머티리얼스,"['성안머티리얼스', '삼양통상', '대한방직', 'BYC']"
성창기업지주,"['성창기업지주', '이건산업', '한솔홈데코', '한창제지']"
세기상사,"['세기상사', '중앙에너비스', '흥구석유', '이아이디']"
세방,"['세방', '동방', '한진', '현대글로비스']"
N/A,[]
세방전지,"['세방전지', '화승코퍼레이션', '덕양산업', '에코플라스틱']"
세아베스틸지주,"['세아베스틸지주', '동국홀딩스', 'KG스틸', '세아제강지주']"
세아제강,"['세아제강', '세아제강지주', 'KG스틸', '대한제강']"
세아제강지주,"['세아제강지주', '세아베스틸지주', 'KG스틸', '세아제강']"
세아특수강,"['세아특수강', '현대비앤지스틸', '동국산업', '포스코스틸리온']"
세아홀딩스,"['세아홀딩스', '평화홀딩스', 'KC그린홀딩스', '오리온홀딩스']"
세우글로벌,"['세우글로벌', '켐트로스', 'KBG', '와이오엠']"
세원이앤씨,"['세원이앤씨', '일진파워', 'SGC에너지', '유니슨']"
세원정공,"['세원정공', '우신시스템', 'SJM홀딩스', '서연탑메탈']"
세이브존I&C,"['세이브존I&C', '신세계', '현대백화점', '광주신세계']"
세진중공업,"['세진중공업', '한화오션', 'HD현대미포', 'HD현대마린엔진']"
셀트리온,"['셀트리온', '프레스티지바이오파마', '알테오젠', '삼성바이오로직스']"
솔루스첨단소재,"['솔루스첨단소재', '신흥에스이씨', '두산퓨얼셀', '엘앤에프']"
N/A,[]
N/A,[]
솔루엠,"['솔루엠', '동양이엔피', 'LX세미콘', '파워넷']"
송원산업,"['송원산업', 'KPX홀딩스', '애경케미칼', 'KPX케미칼']"
수산인더스트리,"['수산인더스트리', '한전KPS', '일진파워', '금화피에스시']"
수산중공업,"['수산중공업', '혜인', '나라엠앤디', '화천기공']"
스카이라이프,"['스카이라이프', 'CJ ENM', 'LG헬로비전', 'SBS']"
스타에스엠리츠,"['스타에스엠리츠', '에이리츠', '케이탑리츠', 'NH프라임리츠']"
스틱인베스트먼트,"['스틱인베스트먼트', '대성창투', 'DSC인베스트먼트', 'TS인베스트먼트']"
시디즈,"['시디즈', '에넥스', '코아스', '퍼시스']"
시프트업,"['시프트업', '넷마블', '크래프톤', '카카오게임즈']"
신대양제지,"['신대양제지', '아세아제지', '해성산업', '무림P&P']"
신도리코,"['신도리코', '아이디피', '빅솔론', '엠젠솔루션']"
신라교역,"['신라교역', '동원산업', '사조대림', '사조산업']"
신성이엔지,"['신성이엔지', '해성디에스', '케이씨', '케이씨텍']"
신성통상,"['신성통상', 'TP', '신원', '제이에스코퍼레이션']"
신세계,"['신세계', '현대백화점', '광주신세계', '세이브존I&C']"
신세계 I&C,"['신세계 I&C', '위세아이텍', 'DB', '아시아나IDT']"
신세계건설,"['신세계건설', 'KCC건설', 'SGC E&C', '아이에스동서']"
신세계인터내셔날,"['신세계인터내셔날', '한세실업', 'F&F', '영원무역홀딩스']"
신세계푸드,"['신세계푸드', '대한제당', '크라운해태홀딩스', '삼양식품']"
신송홀딩스,"['신송홀딩스', '샘표식품', '샘표', '엠에스씨']"
신영와코루,"['신영와코루', '온타이드', '크리스에프앤씨', '대현']"
신영증권,"['신영증권', '대신증권', '유안타증권', 'DB금융투자']"
신원,"['신원', 'TP', '신성통상', '제이에스코퍼레이션']"
신일전자,"['신일전자', '앱코', '상신전자', '위닉스']"
신풍,"['신풍', '무림SP', '국일제지', '영풍제지']"
신풍제약,"['신풍제약', '유나이티드제약', 'JW생명과학', '환인제약']"
N/A,[]
신한글로벌액티브리츠,"['신한글로벌액티브리츠', '삼성FN리츠', '한화리츠', 'KB스타리츠']"
신한서부티엔디리츠,"['신한서부티엔디리츠', '미래에셋글로벌리츠', 'NH올원리츠', 'SK리츠']"
신한알파리츠,"['신한알파리츠', '코람코라이프인프라리츠', '이리츠코크렙', '디앤디플랫폼리츠']"
신한지주,"['신한지주', 'KB금융', '하나금융지주', '우리금융지주']"
신흥,"['신흥', '바텍', '덴티스', '덴티움']"
쌍방울,"['쌍방울', '에스제이그룹', '좋은사람들', '엠에프엠코리아']"
써니전자,"['써니전자', '동일기연', '엘컴텍', '대동전자']"
쏘카,"['쏘카', '오비고', '롯데렌탈', '아난티']"
씨아이테크,"['씨아이테크', '이삭엔지니어링', '오상자이엘', '소프트센']"
씨에스윈드,"['씨에스윈드', '한화솔루션', '대명에너지', '태웅']"
씨티알모빌리티,"['씨티알모빌리티', '우리산업홀딩스', '티에이치엔', '평화산업']"
아남전자,"['아남전자', '에스텍', '휴먼테크놀로지', 'KH 미래물산']"
아모레G,"['아모레G', 'LG생활건강', '아모레퍼시픽', '코스맥스']"
N/A,[]
N/A,[]
아모레퍼시픽,"['아모레퍼시픽', '선진뷰티사이언스', 'LG생활건강', '아모레G']"
N/A,[]
아세아,"['아세아', '무림페이퍼', '아세아제지', '한솔제지']"
아세아시멘트,"['아세아시멘트', '한일홀딩스', '유진기업', '한일시멘트']"
아세아제지,"['아세아제지', '신대양제지', '무림페이퍼', '한솔제지']"
아센디오,"['아센디오', 'CJ CGV', 'NEW', '쇼박스']"
아시아나IDT,"['아시아나IDT', '신세계 I&C', 'DB', '헥토이노베이션']"
아시아나항공,"['아시아나항공', '대한항공', '제주항공', '진에어']"
아이마켓코리아,"['아이마켓코리아', '그래디언트', '예스24', '케이티알파']"
아이에스동서,"['아이에스동서', '동부건설', '서희건설', '한신공영']"
아주스틸,"['아주스틸', 'KG스틸', '포스코스틸리온', '동국홀딩스']"
아진전자부품,"['아진전자부품', '티피씨글로벌', '에스엠벡셀', '유니테크노']"
알루코,"['알루코', '현대비앤지스틸', '동국산업', 'TCC스틸']"
애경산업,"['애경산업', '비비씨', '콜마홀딩스', '코스메카코리아']"
애경케미칼,"['애경케미칼', 'AK홀딩스', '대한유화', '태광산업']"
에넥스,"['에넥스', '시디즈', '코아스', '퍼시스']"
에스디바이오센서,"['에스디바이오센서', '씨젠', '휴마시스', '바이오니아']"
에스엘,"['에스엘', '화승알앤에이', '현대모비스', '한온시스템']"
에스엠벡셀,"['에스엠벡셀', '티피씨글로벌', '아진전자부품', '유니테크노']"
에스원,"['에스원', '한화시스템', '한국항공우주', 'LIG넥스원']"
에쓰씨엔지니어링,"['에쓰씨엔지니어링', '남화토건', '신원종합개발', '범양건영']"
에어부산,"['에어부산', '티웨이항공', '진에어', '아시아나항공']"
에이리츠,"['에이리츠', '스타에스엠리츠', '케이탑리츠', 'NH프라임리츠']"
에이블씨엔씨,"['에이블씨엔씨', '콜마홀딩스', '코스메카코리아', '오가닉티코스메틱']"
에이엔피,"['에이엔피', '뉴프렉스', '현우산업', '인터플렉스']"
에이프로젠,"['에이프로젠', '모아라이프플러스', 'JW신약', 'HLB제약']"
에이프로젠바이오로직스,"['에이프로젠바이오로직스', '삼아제약', '비씨월드제약', '서울제약']"
에이플러스에셋,"['에이플러스에셋', '한화손해보험', '동양생명', '흥국화재']"
에이피알,"['에이피알', 'LG생활건강', '아모레퍼시픽', '클리오']"
에코프로머티,"['에코프로머티', '포스코퓨처엠', '엘앤에프', '코스모신소재']"
엔씨소프트,"['엔씨소프트', '고스트스튜디오', '카카오게임즈', '크래프톤']"
엔케이,"['엔케이', '인화정공', '삼영엠텍', '파라텍']"
엘브이엠씨홀딩스,"['엘브이엠씨홀딩스', '기아', '현대차', 'KG모빌리티']"
엘앤에프,"['엘앤에프', 'SK아이이테크놀로지', '에코프로', '삼성SDI']"
엠씨넥스,"['엠씨넥스', '파트론', '캠시스', '인탑스']"
영보화학,"['영보화학', 'WISCOM', '에스폴리텍', '코오롱ENP']"
영원무역,"['영원무역', '한세실업', 'F&F', '영원무역홀딩스']"
영원무역홀딩스,"['영원무역홀딩스', '한세실업', 'F&F', '영원무역']"
영진약품,"['영진약품', '경보제약', '유나이티드제약', '신풍제약']"
영풍,"['영풍', '엠씨넥스', '파트론', '드림텍']"
영풍제지,"['영풍제지', '무림SP', '국일제지', '신풍']"
영화금속,"['영화금속', '유라테크', '모토닉', 'DH오토리드']"
영흥,"['영흥', 'DSR', '만호제강', 'DSR제강']"
예스코홀딩스,"['예스코홀딩스', '서울가스', '경동도시가스', '대성홀딩스']"
오뚜기,"['오뚜기', '하림지주', '대상홀딩스', '동원F&B']"
오리엔트바이오,"['오리엔트바이오', '농우바이오', '메디포스트', '쎌바이오텍']"
오리온,"['오리온', 'CJ프레시웨이', 'SPC삼립', '풀무원']"
오리온홀딩스,"['오리온홀딩스', 'CJ프레시웨이', 'SPC삼립', '풀무원']"
온타이드,"['온타이드', '크리스에프앤씨', '대현', '한세엠케이']"
와이투솔루션,"['와이투솔루션', '성호전자', '알에프텍', '비츠로셀']"
우리금융지주,"['우리금융지주', '신한지주', 'KB금융', '하나금융지주']"
우성,"['우성', '한일사료', '선진', '팜스코']"
우신시스템,"['우신시스템', '우리산업', '동아화성', '화신정공']"
우진,"['우진', '스맥', '영풍정밀', '에스엠코어']"
우진아이엔에스,"['우진아이엔에스', '혜인', '나라엠앤디', '화천기공']"
우진플라임,"['우진플라임', '와이지-원', '케이피에프', '대동기어']"
웅진,"['웅진', '스카이라이프', 'FSN', '신세계 I&C']"
웅진씽크빅,"['웅진씽크빅', '대교', '메가스터디교육', '멀티캠퍼스']"
원림,"['원림', '삼화왕관', '삼영', '삼륭물산']"
웰바이오텍,"['웰바이오텍', 'KSS해운', '와이엔텍', '태웅로직스']"
윌비스,"['윌비스', 'DI동일', '휴비스', '일신방직']"
유나이티드제약,"['유나이티드제약', '한국파마', '바이젠셀', '셀트리온제약']"
유니드,"['유니드', '한솔케미칼', '동성케미컬', 'KPX케미칼']"
유니드비티플러스,"['유니드비티플러스', '한솔케미칼', 'KPX케미칼', '후성']"
유니온,"['유니온', 'SG', '부산산업', '모헨즈']"
유니온머티리얼,"['유니온머티리얼', '와이엠', '티피씨글로벌', '에스엠벡셀']"
유니켐,"['유니켐', '삼양통상', '대한방직', 'BYC']"
유니퀘스트,"['유니퀘스트', 'LB세미콘', '제우스', '네패스']"
유성기업,"['유성기업', '우리산업', '동아화성', '우신시스템']"
유수홀딩스,"['유수홀딩스', '태웅로직스', 'KSS해운', '흥아해운']"
유안타증권,"['유안타증권', '대신증권', '신영증권', 'DB금융투자']"
N/A,[]
유엔젤,"['유엔젤', '파이오링크', '아이크래프트', '엑셈']"
유유제약,"['유유제약', '팜젠사이언스', '아이큐어', '한올바이오파마']"
N/A,[]
N/A,[]
유진투자증권,"['유진투자증권', 'LS증권', '다올투자증권', '현대차증권']"
유한양행,"['유한양행', '에이비온', '고바이오랩', '지놈앤컴퍼니']"
N/A,[]
유화증권,"['유화증권', '한양증권', '코리아에셋투자증권', '상상인증권']"
N/A,[]
율촌화학,"['율촌화학', '동원시스템즈', '태림포장', 'NPC']"
이건산업,"['이건산업', 'SUN&L', '한솔홈데코', '성창기업지주']"
이구산업,"['이구산업', '경남스틸', '서원', '한국내화']"
이노션,"['이노션', '제일기획', 'HS애드', 'FSN']"
이리츠코크렙,"['이리츠코크렙', '코람코라이프인프라리츠', '신한알파리츠', '디앤디플랫폼리츠']"
이마트,"['이마트', '롯데쇼핑', '호텔신라', '롯데하이마트']"
이수스페셜티케미컬,"['이수스페셜티케미컬', 'AK홀딩스', '대한유화', '태광산업']"
이수페타시스,"['이수페타시스', '심텍', '코리아써키트', '비에이치']"
이수화학,"['이수화학', 'AK홀딩스', '대한유화', '태광산업']"
이스타코,"['이스타코', '한국자산신탁', '한국토지신탁', 'SK디앤디']"
이아이디,"['이아이디', '미창석유', '한국쉘석유', '흥구석유']"
이엔플러스,"['이엔플러스', '파라텍', '수성웹툰', '프리엠스']"
이연제약,"['이연제약', '국제약품', '현대약품', '명문제약']"
이월드,"['이월드', '제이에스티나', '지엔코', '브랜드엑스코퍼레이션']"
이지스레지던스리츠,"['이지스레지던스리츠', '이지스밸류리츠', '미래에셋맵스리츠', 'NH프라임리츠']"
이지스밸류리츠,"['이지스밸류리츠', '이지스레지던스리츠', '미래에셋맵스리츠', 'NH프라임리츠']"
이화산업,"['이화산업', '경인양행', '케이디켐', '동남합성']"
인디에프,"['인디에프', 'SG세계물산', '브랜드엑스코퍼레이션', '지엔코']"
인바이오젠,"['인바이오젠', '서울전자통신', '경인전자', '동일기연']"
인스코비,"['인스코비', 'KT', 'SK텔레콤', 'LG유플러스']"
인지컨트롤스,"['인지컨트롤스', '디아이씨', '경창산업', '두올']"
인천도시가스,"['인천도시가스', '대성에너지', '한진중공업홀딩스', '대성홀딩스']"
인터지스,"['인터지스', '대한해운', 'KSS해운', '흥아해운']"
인팩,"['인팩', '코리아에프티', '태양금속', '계양전기']"
일동제약,"['일동제약', '브릿지바이오테라퓨틱스', '보령', '일동홀딩스']"
일동홀딩스,"['일동홀딩스', '제일약품', 'HK이노엔', '동아에스티']"
일성건설,"['일성건설', '삼호개발', '진흥기업', '삼부토건']"
일성아이에스,"['일성아이에스', 'HLB제약', '삼성제약', '진양제약']"
일신방직,"['일신방직', 'DI동일', '휴비스', '백산']"
일신석재,"['일신석재', '모헨즈', '강동씨앤엘', '보광산업']"
일양약품,"['일양약품', '휴온스', '한독', '휴온스글로벌']"
N/A,[]
일정실업,"['일정실업', '네오티스', '대성파인텍', 'CBI']"
일진다이아,"['일진다이아', '한국내화', '디씨엠', '하이스틸']"
일진디스플,"['일진디스플', '제이엠티', '파인디앤씨', '오성첨단소재']"
일진전기,"['일진전기', '일진홀딩스', '가온전선', 'LS에코에너지']"
일진하이솔루스,"['일진하이솔루스', '한온시스템', '상아프론테크', '오스템']"
일진홀딩스,"['일진홀딩스', 'LS', 'LS ELECTRIC', 'HD현대일렉트릭']"
잇츠한불,"['잇츠한불', '에스디생명공학', '잉글우드랩', '씨티케이']"
자이에스앤디,"['자이에스앤디', '코오롱글로벌', 'HDC랩스', '일성건설']"
자화전자,"['자화전자', '케이엠더블유', '에이스테크', '쏠리드']"
전방,"['전방', '덕성', '방림', '대원화성']"
전진건설로봇,"['전진건설로봇', '진성티이씨', '수산중공업', '현대에버다임']"
제이알글로벌리츠,"['제이알글로벌리츠', '롯데리츠', 'ESR켄달스퀘어리츠', 'SK리츠']"
제이에스코퍼레이션,"['제이에스코퍼레이션', 'TP', '신원', '신성통상']"
제이준코스메틱,"['제이준코스메틱', '디와이디', '스킨앤스킨', '엔에프씨']"
제일기획,"['제일기획', '자이언트스텝', '이노션', 'HS애드']"
제일약품,"['제일약품', '제일파마홀딩스', 'JW홀딩스', 'HK이노엔']"
제일연마,"['제일연마', '제이스코홀딩스', 'SHD', '동국알앤에스']"
제일파마홀딩스,"['제일파마홀딩스', '동아쏘시오홀딩스', '한미사이언스', 'JW홀딩스']"
제주은행,"['제주은행', 'DGB금융지주', 'JB금융지주', '카카오뱅크']"
제주항공,"['제주항공', '대한항공', '아시아나항공', '진에어']"
조광페인트,"['조광페인트', '강남제비스코', '삼화페인트', '벽산']"
조광피혁,"['조광피혁', '화승인더', '화승엔터프라이즈', '이스트아시아홀딩스']"
조비,"['조비', '대유', '효성오앤비', '동방아그로']"
조선내화,"['조선내화', '일진다이아', '동국산업', '대창']"
조선선재,"['조선선재', '케이피티유', '서원', '일진다이아']"
조일알미늄,"['조일알미늄', '현대비앤지스틸', '동국산업', '알루코']"
조흥,"['조흥', '교촌에프앤비', '크라운제과', '푸드웰']"
종근당,"['종근당', 'HK이노엔', '에이비온', '압타머사이언스']"
종근당바이오,"['종근당바이오', '코오롱생명과학', '대봉엘에스', '하이텍팜']"
종근당홀딩스,"['종근당홀딩스', '콜마비앤에이치', '코스맥스비티아이', '휴온스글로벌']"
주성코퍼레이션,"['주성코퍼레이션', '에프알텍', 'CS', '기가레인']"
주연테크,"['주연테크', '하이퍼코퍼레이션', '에이텍', '오픈베이스']"
지누스,"['지누스', '한샘', '현대리바트', '에이스침대']"
지엠비코리아,"['지엠비코리아', '디아이씨', '경창산업', '두올']"
지역난방공사,"['지역난방공사', '한전KPS', '한국전력', '']"
진도,"['진도', '덕성', '방림', '대원화성']"
진양산업,"['진양산업', '에스폴리텍', '영보화학', '진양홀딩스']"
진양폴리,"['진양폴리', 'KBG', '켐트로스', 'KCI']"
진양홀딩스,"['진양홀딩스', '코오롱ENP', 'PI첨단소재', '금양']"
진양화학,"['진양화학', '엔피케이', 'SH에너지화학', '진양홀딩스']"
진에어,"['진에어', '대한항공', '아시아나항공', '제주항공']"
진원생명과학,"['진원생명과학', '이수앱지스', 'CG인바이츠', '알테오젠']"
진흥기업,"['진흥기업', '삼부토건', 'HS화성', '서한']"
N/A,[]
N/A,[]
참엔지니어링,"['참엔지니어링', '동아엘텍', '와이엠씨', '덕산네오룩스']"
천일고속,"['천일고속', '동양고속', '삼일', '국보']"
청호ICT,"['청호ICT', '푸른기술', '케이씨티', '빅솔론']"
체시스,"['체시스', '삼성공조', '휴림에이텍', 'GH신소재']"
카카오,"['카카오', 'NAVER', '카페24', 'KG이니시스']"
카카오뱅크,"['카카오뱅크', 'DGB금융지주', 'JB금융지주', '제주은행']"
카카오페이,"['카카오페이', 'SBI핀테크솔루션즈', 'NHN KCP', '헥토파이낸셜']"
카프로,"['카프로', '경농', '남해화학', '동방아그로']"
케이비아이동국실업,"['케이비아이동국실업', '모베이스전자', 'HL홀딩스', 'HDC현대EP']"
케이씨,"['케이씨', 'SFA반도체', '하나마이크론', '이엔에프테크놀로지']"
케이씨텍,"['케이씨텍', '이오테크닉스', '네패스', '유니트론텍']"
케이카,"['케이카', 'KR모터스', '도이치모터스', '엘브이엠씨홀딩스']"
케이탑리츠,"['케이탑리츠', '이지스레지던스리츠', '미래에셋맵스리츠', 'NH프라임리츠']"
코람코더원리츠,"['코람코더원리츠', '신한서부티엔디리츠', '미래에셋글로벌리츠', 'NH올원리츠']"
코람코라이프인프라리츠,"['코람코라이프인프라리츠', '신한알파리츠', '이리츠코크렙', '디앤디플랫폼리츠']"
N/A,[]
코리아써키트,"['코리아써키트', '티엘비', '심텍홀딩스', '심텍']"
N/A,[]
코리안리,"['코리안리', '삼성화재', '삼성생명', '한화생명']"
코스맥스,"['코스맥스', '선진뷰티사이언스', '엔에프씨', '씨앤씨인터내셔널']"
코스맥스비티아이,"['코스맥스비티아이', '에이치피오', '콜마비앤에이치', '코스맥스엔비티']"
코스모신소재,"['코스모신소재', '코스모화학', '레이크머티리얼즈', '나노신소재']"
코스모화학,"['코스모화학', '한국알콜', '삼영무역', '경인양행']"
코아스,"['코아스', '에넥스', '시디즈', '퍼시스']"
코오롱,"['코오롱', 'LG', '현대지에프홀딩스', '효성']"
코오롱ENP,"['코오롱ENP', 'PI첨단소재', '진양홀딩스', '금양']"
코오롱글로벌,"['코오롱글로벌', '현대건설', 'GS건설', '대우건설']"
N/A,[]
코오롱모빌리티그룹,"['코오롱모빌리티그룹', 'CNH', 'KG모빌리티', '엘브이엠씨홀딩스']"
N/A,[]
N/A,[]
코오롱인더,"['코오롱인더', '금호석유', 'HS효성첨단소재', '롯데케미칼']"
N/A,[]
코웨이,"['코웨이', '에브리봇', '한샘', '쿠쿠홈시스']"
콘텐트리중앙,"['콘텐트리중앙', 'CJ ENM', 'LG헬로비전', 'SBS']"
콜마홀딩스,"['콜마홀딩스', '애경산업', '코스메카코리아', '에이블씨엔씨']"
콤텍시스템,"['콤텍시스템', '인성정보', '오파스넷', '아이티아이즈']"
쿠쿠홀딩스,"['쿠쿠홀딩스', '부방', '위니아', '쿠쿠홈시스']"
쿠쿠홈시스,"['쿠쿠홈시스', '에브리봇', '위니아', '코웨이']"
크라운제과,"['크라운제과', '해태제과식품', '동서', '크라운해태홀딩스']"
N/A,[]
크라운해태홀딩스,"['크라운해태홀딩스', '신세계푸드', '대한제당', '삼양식품']"
N/A,[]
크래프톤,"['크래프톤', '엔씨소프트', '넷마블', '카카오게임즈']"
키다리스튜디오,"['키다리스튜디오', '디앤씨미디어', 'iMBC', '캐리소프트']"
키움증권,"['키움증권', '미래에셋증권', 'NH투자증권', '한국금융지주']"
태경비케이,"['태경비케이', '삼표시멘트', '유니온', '삼일씨엔에스']"
태경산업,"['태경산업', '태경비케이', '삼표시멘트', '한솔홀딩스']"
태경케미컬,"['태경케미컬', '나노', '레이크머티리얼즈', '켐트로스']"
태광산업,"['태광산업', 'AK홀딩스', '대한유화', '애경케미칼']"
태림포장,"['태림포장', '동원시스템즈', '율촌화학', 'NPC']"
태양금속,"['태양금속', '코리아에프티', '인팩', '계양전기']"
N/A,[]
태영건설,"['태영건설', '현대건설', 'GS건설', '대우건설']"
N/A,[]
태원물산,"['태원물산', '네오티스', '대성파인텍', '일정실업']"
테이팩스,"['테이팩스', '에이엔피', 'KH 필룩스', '와이투솔루션']"
텔코웨어,"['텔코웨어', '케이엘넷', '플리토', '케이사인']"
토니모리,"['토니모리', '씨티케이', '브이티', '코리아나']"
티에이치엔,"['티에이치엔', '우리산업홀딩스', '평화산업', '동양피스톤']"
티와이홀딩스,"['티와이홀딩스', '하나투어', 'GKL', '롯데관광개발']"
N/A,[]
티웨이항공,"['티웨이항공', '에어부산', '진에어', '아시아나항공']"
티웨이홀딩스,"['티웨이홀딩스', '동양파일', 'KCC글라스', '아이에스동서']"
파라다이스,"['파라다이스', '모나용평', '아난티', '강원랜드']"
파미셀,"['파미셀', '서린바이오', '진원생명과학', '테고사이언스']"
팜스코,"['팜스코', '선진', '팜스토리', '이지홀딩스']"
팜젠사이언스,"['팜젠사이언스', '유유제약', '아이큐어', '한올바이오파마']"
팬오션,"['팬오션', 'HMM', '대한해운', '인터지스']"
퍼스텍,"['퍼스텍', '한화시스템', 'LIG넥스원', '빅텍']"
퍼시스,"['퍼시스', '에넥스', '시디즈', '코아스']"
페이퍼코리아,"['페이퍼코리아', '해성산업', '무림P&P', '깨끗한나라']"
평화산업,"['평화산업', '우리산업홀딩스', '티에이치엔', '동양피스톤']"
평화홀딩스,"['평화홀딩스', 'KC그린홀딩스', '세아홀딩스', '오리온홀딩스']"
포스코DX,"['포스코DX', '포인트모바일', '롯데이노베이트', '신세계 I&C']"
포스코스틸리온,"['포스코스틸리온', '아주스틸', '현대비앤지스틸', 'KISCO홀딩스']"
포스코인터내셔널,"['포스코인터내셔널', 'LX인터내셔널', '현대코퍼레이션', 'GS글로벌']"
포스코퓨처엠,"['포스코퓨처엠', 'SK아이이테크놀로지', '태광산업', '효성화학']"
풀무원,"['풀무원', '교촌에프앤비', 'CJ프레시웨이', '오리온홀딩스']"
풍산,"['풍산', 'KG스틸', '고려제강', '대한제강']"
풍산홀딩스,"['풍산홀딩스', '삼아알미늄', '한국주철관', '경남스틸']"
프레스티지바이오파마,"['프레스티지바이오파마', '셀트리온', '큐라클', '네오이뮨텍']"
플레이그램,"['플레이그램', '대명소노시즌', '위니아에이드', 'YW']"
하나금융지주,"['하나금융지주', '신한지주', 'KB금융', '우리금융지주']"
하나제약,"['하나제약', '한국파마', 'JW생명과학', '신풍제약']"
하나투어,"['하나투어', '서부T&D', '모두투어', '노랑풍선']"
하이브,"['하이브', '에스엠', '와이지엔터테인먼트', 'JYP Ent.']"
하이스틸,"['하이스틸', 'DSR', '영흥', '만호제강']"
하이트론,"['하이트론', 'DGI', '인콘', '유니온커뮤니티']"
하이트진로,"['하이트진로', '무학', '창해에탄올', '진로발효']"
N/A,[]
하이트진로홀딩스,"['하이트진로홀딩스', '하이트진로', '롯데칠성', '무학']"
N/A,[]
N/A,[]
한국가스공사,"['한국가스공사', '삼천리', '서울가스', '예스코홀딩스']"
한국공항,"['한국공항', '아시아나항공', '에어부산', '제주항공']"
한국금융지주,"['한국금융지주', '미래에셋증권', 'NH투자증권', '삼성증권']"
N/A,[]
한국내화,"['한국내화', '이구산업', '삼아알미늄', '일진다이아']"
한국단자,"['한국단자', '피에이치에이', '삼보모터스', '한국무브넥스']"
한국무브넥스,"['한국무브넥스', '피에이치에이', '삼보모터스', '대원강업']"
한국석유,"['한국석유', '롯데정밀화학', 'KPX케미칼', '애경케미칼']"
한국수출포장,"['한국수출포장', '삼양패키징', '대영포장', '금비']"
한국쉘석유,"['한국쉘석유', '미창석유', '이아이디', '흥구석유']"
한국앤컴퍼니,"['한국앤컴퍼니', '한국무브넥스', '대원강업', '명신산업']"
한국자산신탁,"['한국자산신탁', 'SK디앤디', '한국토지신탁', '이스타코']"
한국전력,"['한국전력', '지역난방공사', '한전KPS', '한전기술']"
한국전자홀딩스,"['한국전자홀딩스', '유니셈', '시그네틱스', 'KEC']"
한국제지,"['한국제지', '무림SP', '한창제지', '한솔PNS']"
한국종합기술,"['한국종합기술', '동아지질', '우원개발', '웰크론']"
한국주강,"['한국주강', '케이피티유', '제이스코홀딩스', '이렘']"
한국주철관,"['한국주철관', 'TCC스틸', '휴스틸', '조일알미늄']"
한국철강,"['한국철강', '세아특수강', '동국산업', '현대비앤지스틸']"
한국카본,"['한국카본', '동성화인텍', '미원에스씨', '진양홀딩스']"
한국콜마,"['한국콜마', '선진뷰티사이언스', '엔에프씨', '씨앤씨인터내셔널']"
한국타이어앤테크놀로지,"['한국타이어앤테크놀로지', '금호타이어', '넥센', '넥센타이어']"
한국토지신탁,"['한국토지신탁', 'SK디앤디', '한국자산신탁', '이스타코']"
한국특강,"['한국특강', '동국산업', '경남스틸', '동일산업']"
N/A,[]
한국항공우주,"['한국항공우주', '한화에어로스페이스', '이엠코리아', '한화시스템']"
한국화장품,"['한국화장품', '컬러레이', '네오팜', '코리아나']"
한국화장품제조,"['한국화장품제조', '한국화장품', '컬러레이', '코디']"
한농화성,"['한농화성', 'KCI', '그린케미칼', '미원화학']"
한독,"['한독', '에이비온', '바이젠셀', '휴온스글로벌']"
한미글로벌,"['한미글로벌', '금화피에스시', '남광토건', '국보디자인']"
한미반도체,"['한미반도체', '피에스케이', '유니셈', '한국전자홀딩스']"
한미사이언스,"['한미사이언스', '대웅제약', '동아쏘시오홀딩스', 'JW홀딩스']"
한미약품,"['한미약품', '압타머사이언스', '박셀바이오', '브릿지바이오테라퓨틱스']"
한샘,"['한샘', '현대리바트', '지누스', '코웨이']"
한섬,"['한섬', '한세실업', 'F&F', '영원무역홀딩스']"
한성기업,"['한성기업', '동원산업', '사조대림', '사조산업']"
한세실업,"['한세실업', '영원무역홀딩스', 'F&F', '영원무역']"
한세엠케이,"['한세엠케이', '온타이드', '크리스에프앤씨', '대현']"
한세예스24홀딩스,"['한세예스24홀딩스', 'KC그린홀딩스', '평화홀딩스', '세아홀딩스']"
한솔PNS,"['한솔PNS', '한국제지', '한창제지', '무림SP']"
한솔로지스틱스,"['한솔로지스틱스', '한익스프레스', 'KCTC', '유성티엔에스']"
한솔제지,"['한솔제지', '아세아', '무림페이퍼', '깨끗한나라']"
한솔케미칼,"['한솔케미칼', '켐트로닉스', '이수화학', '티케이케미칼']"
한솔테크닉스,"['한솔테크닉스', '솔루엠', '코리아써키트', '아이티엠반도체']"
한솔홀딩스,"['한솔홀딩스', 'KX', '태경산업', '효성']"
한솔홈데코,"['한솔홈데코', 'SUN&L', '이건산업', '성창기업지주']"
한신공영,"['한신공영', 'HL D&I', 'HJ중공업', '금호건설']"
한신기계,"['한신기계', '에이치케이', '포메탈', '디케이락']"
한양증권,"['한양증권', '코리아에셋투자증권', '상상인증권', '유화증권']"
N/A,[]
한온시스템,"['한온시스템', '일진하이솔루스', '화승알앤에이', '현대모비스']"
한올바이오파마,"['한올바이오파마', '바이젠셀', '팜젠사이언스', '유유제약']"
한익스프레스,"['한익스프레스', '동방', '세방', '한솔로지스틱스']"
한일시멘트,"['한일시멘트', '한일홀딩스', '유진기업', '아세아시멘트']"
한일철강,"['한일철강', '대양금속', '부국철강', '경남스틸']"
한일현대시멘트,"['한일현대시멘트', '삼표시멘트', '아세아시멘트', '성신양회']"
한일홀딩스,"['한일홀딩스', '유진기업', '한일시멘트', '아세아시멘트']"
한전KPS,"['한전KPS', '지역난방공사', '한국전력', '한전기술']"
한전기술,"['한전기술', '태웅', '한전산업', '씨에스윈드']"
한전산업,"['한전산업', '한전기술', '태웅', 'HD현대에너지솔루션']"
한진,"['한진', 'CJ대한통운', '현대글로비스', '세방']"
한진중공업홀딩스,"['한진중공업홀딩스', '대성홀딩스', '경동도시가스', '대성에너지']"
한진칼,"['한진칼', 'LX인터내셔널', '대한항공', '제주항공']"
N/A,[]
한창,"['한창', '셀피글로벌', '한네트', '한국전자금융']"
한창제지,"['한창제지', '한솔PNS', '한국제지', '무림SP']"
한컴라이프케어,"['한컴라이프케어', '멕아이씨에스', '솔본', '바디텍메드']"
한화,"['한화', 'LX홀딩스', 'CJ', '삼성물산']"
N/A,[]
한화갤러리아,"['한화갤러리아', '신세계', '현대백화점', '광주신세계']"
N/A,[]
한화리츠,"['한화리츠', 'KB스타리츠', '마스턴프리미어리츠', '코람코더원리츠']"
한화생명,"['한화생명', '삼성화재', '삼성생명', 'DB손해보험']"
한화손해보험,"['한화손해보험', '동양생명', '흥국화재', '롯데손해보험']"
한화솔루션,"['한화솔루션', 'HD현대에너지솔루션', '에스에너지', 'SGC에너지']"
N/A,[]
한화시스템,"['한화시스템', '한화에어로스페이스', '이엠코리아', '한국항공우주']"
한화에어로스페이스,"['한화에어로스페이스', '켄코아에어로스페이스', '한화시스템', '이엠코리아']"
한화엔진,"['한화엔진', 'HD한국조선해양', '한화오션', '삼성중공업']"
한화오션,"['한화오션', 'HD한국조선해양', '삼성중공업', 'HD현대미포']"
N/A,[]
한화인더스트리얼솔루션즈,"['한화인더스트리얼솔루션즈', '켄코아에어로스페이스', '한화시스템', '이엠코리아']"
한화투자증권,"['한화투자증권', '대신증권', '유안타증권', '신영증권']"
N/A,[]
해성디에스,"['해성디에스', '이엔에프테크놀로지', '솔브레인', 'LB세미콘']"
해태제과식품,"['해태제과식품', '신세계푸드', '대한제당', '크라운해태홀딩스']"
핸즈코퍼레이션,"['핸즈코퍼레이션', '모베이스전자', 'HL홀딩스', 'HDC현대EP']"
현대건설,"['현대건설', 'GS건설', '대우건설', '코오롱글로벌']"
N/A,[]
현대그린푸드,"['현대그린푸드', '대상', 'SPC삼립', '동원F&B']"
현대글로비스,"['현대글로비스', 'CJ대한통운', '한진', '세방']"
현대로템,"['현대로템', '다원시스', '현대무벡스', '대아티아이']"
현대리바트,"['현대리바트', '한샘', '지누스', '에이스침대']"
현대모비스,"['현대모비스', '화승알앤에이', '한온시스템', 'HL만도']"
현대백화점,"['현대백화점', '신세계', '광주신세계', '세이브존I&C']"
현대비앤지스틸,"['현대비앤지스틸', '동국산업', '알루코', 'TCC스틸']"
현대약품,"['현대약품', '바이넥스', '동구바이오제약', '국제약품']"
현대엘리베이,"['현대엘리베이', '두산에너빌리티', 'HD현대인프라코어', '두산밥캣']"
현대오토에버,"['현대오토에버', '포스코DX', '롯데이노베이트', '신세계 I&C']"
현대위아,"['현대위아', '화승알앤에이', '한온시스템', 'HL만도']"
현대제철,"['현대제철', 'POSCO홀딩스', '동국홀딩스', '고려아연']"
현대지에프홀딩스,"['현대지에프홀딩스', 'LG', '코오롱', 'CJ']"
현대차,"['현대차', '기아', 'KG모빌리티', '도이치모터스']"
N/A,[]
N/A,[]
N/A,[]
현대차증권,"['현대차증권', '유진투자증권', 'LS증권', '다올투자증권']"
현대코퍼레이션,"['현대코퍼레이션', '포스코인터내셔널', 'LX인터내셔널', 'GS글로벌']"
현대코퍼레이션홀딩스,"['현대코퍼레이션홀딩스', '우리손에프앤지', '마니커', '정다운']"
현대퓨처넷,"['현대퓨처넷', '제이준코스메틱', '브이티', '씨티케이']"
현대해상,"['현대해상', '삼성화재', '삼성생명', '한화생명']"
현대홈쇼핑,"['현대홈쇼핑', '아이마켓코리아', '예스24', '롯데쇼핑']"
형지엘리트,"['형지엘리트', '삼양통상', '대한방직', 'BYC']"
혜인,"['혜인', '대창단조', '나라엠앤디', '화천기공']"
호전실업,"['호전실업', 'TP', '신원', '신성통상']"
호텔신라,"['호텔신라', '롯데쇼핑', '이마트', 'BGF리테일']"
N/A,[]
화승알앤에이,"['화승알앤에이', '현대모비스', '한온시스템', 'HL만도']"
화승엔터프라이즈,"['화승엔터프라이즈', '화승인더', '조광피혁', '이스트아시아홀딩스']"
화승인더,"['화승인더', '화승엔터프라이즈', '조광피혁', '이스트아시아홀딩스']"
화승코퍼레이션,"['화승코퍼레이션', '서연', '서연이화', '서진오토모티브']"
화신,"['화신', '에코플라스틱', '엠에스오토텍', 'SJG세종']"
화인베스틸,"['화인베스틸', '대동스틸', '동일제강', '동국알앤에스']"
화천기계,"['화천기계', '화천기공', '나라엠앤디', '혜인']"
화천기공,"['화천기공', '화천기계', '나라엠앤디', '혜인']"
환인제약,"['환인제약', '한국파마', '경동제약', '하나제약']"
황금에스티,"['황금에스티', '풍산홀딩스', '경남스틸', '한국주철관']"
효성,"['효성', 'LG', '코오롱', '현대지에프홀딩스']"
효성ITX,"['효성ITX', 'KTis', 'KTcs', 'KC그린홀딩스']"
효성중공업,"['효성중공업', 'LS ELECTRIC', '대한전선', 'HD현대일렉트릭']"
효성티앤씨,"['효성티앤씨', 'DI동일', '일신방직', '백산']"
효성화학,"['효성화학', 'OCI홀딩스', '대한유화', '태광산업']"
후성,"['후성', '미원상사', '레몬', '켐트로스']"
휠라홀딩스,"['휠라홀딩스', '골프존뉴딘홀딩스', '까스텔바작', '골프존']"
휴니드,"['휴니드', '에이스테크', '자화전자', '쏠리드']"
휴비스,"['휴비스', 'DI동일', '일신방직', '백산']"
휴스틸,"['휴스틸', '현대비앤지스틸', '동국산업', '알루코']"
흥국화재,"['흥국화재', '한화손해보험', '동양생명', '롯데손해보험']"
N/A,[]
흥아해운,"['흥아해운', '대한해운', '인터지스', 'KSS해운']"
